{"cameraMode":{"drawMode":0,"name":"Shaded","section":"Shading Mode"},"sceneLighting":true,"audioPlay":false,"sceneViewState":{"m_AlwaysRefresh":false,"showFog":true,"showSkybox":true,"showFlares":true,"showImageEffects":true,"showParticleSystems":true,"showVisualEffectGraphs":true,"m_FxEnabled":true},"in2DMode":false,"pivot":{"x":-0.9791732430458069,"y":5.6735992431640629,"z":-56.19654846191406},"rotation":{"x":0.004888064693659544,"y":-0.994557797908783,"z":0.08824839442968369,"w":0.05497068539261818},"size":3.8714687824249269,"orthographic":true}