{"cameraMode":{"drawMode":0,"name":"Shaded","section":"Shading Mode"},"sceneLighting":true,"audioPlay":false,"sceneViewState":{"m_AlwaysRefresh":false,"showFog":true,"showSkybox":true,"showFlares":true,"showImageEffects":true,"showParticleSystems":true,"showVisualEffectGraphs":true,"m_FxEnabled":true},"in2DMode":false,"pivot":{"x":21.025978088378908,"y":37.53753662109375,"z":-38.18871307373047},"rotation":{"x":0.10086438059806824,"y":-0.8589677214622498,"z":0.18577829003334046,"w":0.46635904908180239},"size":143.35987854003907,"orthographic":false}